

INSERT INTO PERSONA VALUES(19965675,'Francisco','Javier','Azevedo','Santaella','1990-06-12','S','franciscojazevedos@gmail.com','M','ING126');
INSERT INTO PERSONA VALUES(9660836,'Bernardo',null,'Torrealba',null,'1968-05-02','S','btorrealba@hotmail.com','M','ING126');

INSERT INTO DIRECCION VALUES(1,'Santafe Norte, La Alameda, Edf. Curiapo, Piso PB',1,19965675);
INSERT INTO DIRECCION VALUES(2,'Urb Las Esmeraldas. Calle F N24F, Municipio San Martin de Porras. Palo Negro',28,9660836);

INSERT INTO NACIONALIDAD VALUES(19965675,232);
INSERT INTO NACIONALIDAD VALUES(19965675,177);
INSERT INTO NACIONALIDAD VALUES(9660836,232);

INSERT INTO TELEFONO VALUES(1,414,2186412,'MOVIL',19965675);
INSERT INTO TELEFONO VALUES(2,212,9454429,'LOCAL',19965675);
INSERT INTO TELEFONO VALUES(3,412,7538899,'MOVIL',9660836);

INSERT INTO UNIVERSIDAD VALUES(1,'UNIVERSIDAD CATOLICA ANDRES BELLO',97);
INSERT INTO UNIVERSIDAD VALUES(2,'UNIVERSIDAD CENTRO OCCIDENTAL LISANDO ALVARAD',28);


INSERT INTO EDUCACION VALUES(1,19965675,1,'Universitario Pregrado Carrera Larga','Ingenieria Informatica','2011-05-20',null);
INSERT INTO EDUCACION VALUES(2,9660836,2,'Universitario Pregrado Carrera Larga','Ingenieria Informatica','1990-08-15','1995-08-15');


INSERT INTO APRECIACION VALUES(1,2010,3,2,2,2,3,2,3,9660836);
INSERT INTO APRECIACION VALUES(2,2011,3,4,3,3,3,2,3,9660836);
INSERT INTO APRECIACION VALUES(3,2019,3,4,2,4,3,4,3,19965675);


INSERT INTO TRAYECTORIA VALUES(1,9002,9660836,'SI','EMPRESA','CENTRAL EL PALMAR','1998-09-01',NULL);
INSERT INTO TRAYECTORIA VALUES(2,17027,19965675,'NO','EMPRESA','CORPORACION PALMAR','2010-06-14',NULL);


INSERT INTO INSTITUCION VALUES(1,'EMPREVET');
INSERT INTO INSTITUCION VALUES(2,'CONCEIN');

INSERT INTO CAPACITACION VALUES(19965675,2,'ADMINISTRADOR OFFICE 365','ADMINISTRACION DE MICROSOFT OFFICE 365 EN LA NUBE','2017-05-15',8);
INSERT INTO CAPACITACION VALUES(9660836,1,'CURSO DE GERENCIA','GERENCIA DE PROYECTOS','2009-05-01',120);

INSERT INTO INFORMACION_PERSONA VALUES(9660836,2,'HONOR AL MERITO POR NUEVOS PROYECTOS');
INSERT INTO INFORMACION_PERSONA VALUES(19965675,1,'INSTALACION DE RED DMZ');

INSERT INTO INVENTARIO_C VALUES(9660836,'RA',5,4,4);
INSERT INTO INVENTARIO_C VALUES(9660836,'CNG',3,2,5);
INSERT INTO INVENTARIO_C VALUES(19965675,'HSO',3,3,4);

INSERT INTO INVENTARIO_F VALUES(9660836,'ENT',4,3,4);
INSERT INTO INVENTARIO_F VALUES(9660836,'CRE',5,4,4);
INSERT INTO INVENTARIO_F VALUES(19965675,'HMR',4,3,4);